,Año,Trimestre,Provincia,ADSL,Cablemodem,Fibra óptica,Wireless,Otros_Internet,Total,HASTA 512 kbps,+ 512 Kbps - 1 Mbps,+ 1 Mbps - 6 Mbps,+ 6 Mbps - 10 Mbps,+ 10 Mbps - 20 Mbps,+ 20 Mbps - 30 Mbps,+ 30 Mbps,Otros_Velocidad,Accesos por cada 100 hogares
0,2022,3,Buenos Aires,339648,2748325,1436433,126846,70416,4721668,29985,27709,290315,297915,267044,124190,3618689,65821,78.11
1,2022,3,Capital Federal,140791,1240125,129218,5758,31787,1547679,517,5742,34371,67829,51946,28692,1253105,105477,122.28
2,2022,3,Catamarca,10010,10495,46224,1329,2235,70293,71,384,3107,5389,5099,3737,50298,2208,65.33
3,2022,3,Chaco,27164,61800,44645,8178,2359,144146,461,987,16782,18938,8049,15828,79390,3711,43.86
4,2022,3,Chubut,45377,72212,9574,29784,8831,165778,109,1444,45707,30940,34682,15309,17563,20024,84.38
5,2022,3,Córdoba,163770,465461,338570,61070,9797,1038668,99,11312,153324,111615,70989,27112,650344,13873,88.31
6,2022,3,Corrientes,36508,77140,18619,7256,5323,144846,67,3865,23427,23948,7776,21706,56950,7107,48.21
7,2022,3,Entre Ríos,60345,132952,36971,26098,12593,268959,107,5549,47210,46855,18263,32021,102195,16759,63.67
8,2022,3,Formosa,14470,25880,11041,16935,212,68538,97,307,23538,19545,6194,564,17704,589,43.76
9,2022,3,Jujuy,19257,52978,40172,4033,2383,118823,58,1879,19135,15254,36083,519,45895,0,58.91
10,2022,3,La Pampa,7796,60078,23551,20216,4451,116092,68,1887,61540,9653,11592,5609,22731,3012,96.59
11,2022,3,La Rioja,6842,53899,19697,6395,31,86864,18,689,2842,3375,24219,5331,50390,0,80.66
12,2022,3,Mendoza,37659,78858,142615,27625,2766,289523,103,2953,44232,21977,48201,17243,150043,4771,51.03
13,2022,3,Misiones,35513,88902,39046,11074,7622,182157,51,3749,36628,20758,12676,19615,80330,8350,51.82
14,2022,3,Neuquén,29352,75815,29396,27482,1116,163161,134,991,38485,14080,9200,6700,78713,14858,80.37
15,2022,3,Río Negro,35552,48260,41017,16760,18969,160558,111,1221,32936,17860,27934,13629,42596,24271,67.98
16,2022,3,Salta,40006,96984,50254,10082,7215,204541,114,1490,32923,71199,5662,1001,85661,6491,57.76
17,2022,3,San Juan,38570,22723,12328,21860,7918,103399,24,2027,30324,11247,22157,6780,19221,11619,50.8
18,2022,3,San Luis,6860,29363,248,70614,14985,122070,60,307,6563,20813,12061,67438,13,14815,81.74
19,2022,3,Santa Cruz,10170,24047,10815,3896,582,49510,52,6841,12342,11313,11378,2333,4604,647,43.19
20,2022,3,Santa Fe,183740,426255,215189,43079,19547,887810,468,11132,132709,198588,70897,57455,396352,20209,78.55
21,2022,3,Santiago Del Estero,15385,80937,13170,6618,2922,119032,178,1384,28357,58982,16087,910,12342,792,47.98
22,2022,3,Tierra Del Fuego,12754,39963,403,125,651,53896,22,831,12002,14815,20102,1752,1021,3351,99.51
23,2022,3,Tucumán,77738,18518,162345,3997,519,263117,39,2047,32571,39018,25214,4348,159600,280,61.14
24,2022,2,Buenos Aires,350652,2719613,1399043,126847,71028,4667183,30639,28323,295238,307554,273954,129869,3535757,65849,77.58
25,2022,2,Capital Federal,145491,1232226,121506,5757,31791,1536771,517,5980,36036,72434,55372,31571,1229254,105607,121.31
26,2022,2,Catamarca,11928,9430,42087,1329,2234,67008,71,413,3678,6155,7165,3393,43926,2207,62.4
27,2022,2,Chaco,29552,61284,42194,8178,2356,143564,461,1047,17603,20109,8391,15974,76271,3708,43.79
28,2022,2,Chubut,45377,69242,9574,29784,8828,162805,109,1444,45804,31217,34290,14526,15394,20021,83.19
29,2022,2,Córdoba,179181,467595,308895,61107,9657,1026435,99,11971,160486,120485,71923,28645,619400,13426,87.48
30,2022,2,Corrientes,38468,75769,18181,7256,5323,144997,67,3937,24253,24842,8001,21719,55071,7107,48.35
31,2022,2,Entre Ríos,63794,131029,35839,26098,12592,269352,107,5656,48637,48557,18512,32355,98769,16759,63.9
32,2022,2,Formosa,15397,25487,9875,16910,212,67881,97,407,23834,19706,6330,591,16326,590,43.42
33,2022,2,Jujuy,20303,54495,34184,3955,2377,115314,58,1829,19458,15790,37786,549,37391,2453,57.32
34,2022,2,La Pampa,7796,59273,22994,20200,1264,111527,68,1887,62546,9842,11800,5247,17125,3012,92.98
35,2022,2,La Rioja,7759,52656,19189,6395,31,86030,18,728,3179,3890,23814,5481,48920,0,80.14
36,2022,2,Mendoza,37663,77504,135504,26964,1927,279562,103,2954,44961,22557,64138,19543,121366,3940,49.39
37,2022,2,Misiones,37208,89260,33649,11074,7622,178813,51,3808,37254,21712,12774,19757,75107,8350,51.0
38,2022,2,Neuquén,29749,74905,28824,27371,1119,161968,134,999,38826,15066,9205,2039,76982,18717,80.02
39,2022,2,Río Negro,36050,47040,40946,16760,18968,159764,111,1227,33364,17938,27168,13714,41972,24270,67.85
40,2022,2,Salta,42665,96178,47076,10068,7190,203177,114,1530,33732,72661,6012,1156,81478,6494,57.54
41,2022,2,San Juan,38570,19734,12328,21859,7916,100407,24,2027,30385,11276,24649,3728,16701,11617,49.46
42,2022,2,San Luis,6860,29034,248,70614,14985,121741,60,306,6840,21217,11052,67438,13,14815,81.76
43,2022,2,Santa Cruz,10170,23725,10815,3896,579,49185,52,6841,12348,11369,11885,2454,3592,644,43.15
44,2022,2,Santa Fe,198492,428233,189503,43081,19550,878859,468,11757,138534,204381,74133,58114,373888,17584,77.9
45,2022,2,Santiago Del Estero,16561,80338,11605,6618,2922,118044,178,1401,29581,59931,14606,883,10672,792,47.7
46,2022,2,Tierra Del Fuego,12754,39837,403,125,651,53770,22,831,12052,14828,19968,1712,1006,3351,99.86
47,2022,2,Tucumán,85893,15327,148823,3997,487,254527,39,2195,34461,43513,23634,4863,145541,281,59.31
48,2022,1,Buenos Aires,392045,2728865,1242121,125521,66872,4555424,31591,30056,313382,321756,290127,161183,3381049,26280,76.08
49,2022,1,Capital Federal,102290,1217225,62308,5784,29934,1417541,527,5575,39918,77390,61053,43289,1188072,1717,111.8
50,2022,1,Catamarca,14181,15517,29118,1328,2234,62378,71,456,4386,7009,8773,3761,35715,2207,58.21
51,2022,1,Chaco,32391,64546,36662,8164,2356,144119,461,1099,16888,21235,20898,13012,62946,7580,44.06
52,2022,1,Chubut,44133,66667,9184,30592,21052,171628,113,1677,61369,31856,33080,13871,14055,15607,88.05
53,2022,1,Córdoba,195610,501799,235838,60843,9713,1003803,100,12782,165922,126009,73967,34892,577027,13104,85.76
54,2022,1,Corrientes,40462,79093,10875,6774,5374,142578,67,4029,24563,25665,27077,10452,43631,7094,47.64
55,2022,1,Entre Ríos,67159,138986,23091,26098,12592,267926,107,5745,50075,49620,42294,21578,81757,16750,63.7
56,2022,1,Formosa,16397,15927,5146,16876,202,54548,97,448,24113,6945,6613,716,15028,588,34.96
57,2022,1,Jujuy,21307,60616,25949,4662,3975,116509,58,1761,22141,16321,37923,576,35287,2442,58.06
58,2022,1,La Pampa,8003,58978,21739,19903,1109,109732,301,2223,62812,9869,12044,5250,14400,2833,91.66
59,2022,1,La Rioja,9103,59228,9546,6395,31,84303,18,778,3576,4692,23624,5645,45970,0,78.77
60,2022,1,Mendoza,49464,74145,123228,26969,1379,275185,114,3355,51230,26407,74178,21566,95048,3287,48.74
61,2022,1,Misiones,39147,91752,25178,7807,7624,171508,51,3873,35655,22261,26855,15854,58610,8349,49.04
62,2022,1,Neuquén,28443,73200,24193,23098,745,149679,137,1123,39856,15623,11163,2654,71238,7885,74.17
63,2022,1,Río Negro,38662,45366,38037,16815,18494,157374,116,1383,35565,18859,26926,14144,37729,22652,67.04
64,2022,1,Salta,44714,98667,40994,5950,7190,197515,114,1725,35576,68246,6313,2214,76838,6489,56.11
65,2022,1,San Juan,34038,14449,11294,20723,7674,88178,26,2269,32356,11914,25144,2088,11916,2465,43.55
66,2022,1,San Luis,7987,11296,31,71809,28721,119844,61,643,8287,3837,9802,68612,13,28589,80.72
67,2022,1,Santa Cruz,10537,23420,10766,3974,405,49102,51,6898,12710,11502,12277,2628,2551,485,43.34
68,2022,1,Santa Fe,213486,444609,146552,45261,20571,870479,468,12435,143796,208361,84787,58018,344170,18444,77.3
69,2022,1,Santiago Del Estero,18118,87979,1093,6349,2922,116461,178,1401,30220,61170,13542,849,8309,792,47.17
70,2022,1,Tierra Del Fuego,13031,38700,416,124,340,52611,24,894,12849,15640,18034,1767,982,2421,98.29
71,2022,1,Tucumán,92532,62396,86174,3995,487,245584,39,2212,36028,46961,21014,5211,133846,273,57.39
72,2021,4,Buenos Aires,426325,2706506,1176024,126887,73415,4509157,37821,11026,352950,331292,297296,196021,3259793,22958,75.66
73,2021,4,Capital Federal,111360,1205128,60005,5679,29947,1412119,563,1695,47133,81899,66135,66755,1147939,0,111.27
74,2021,4,Catamarca,16385,13858,25100,1512,2235,59090,71,0,6038,7855,9804,3262,29827,2233,55.25
75,2021,4,Chaco,35548,63145,34688,8005,2359,143745,461,112,18845,22678,21937,13692,58435,7585,44.05
76,2021,4,Chubut,46361,57412,9655,28041,18839,160308,126,1294,63698,39568,31175,5780,2904,15763,82.57
77,2021,4,Córdoba,212011,487489,217214,61277,8779,986770,100,2479,184548,130892,76246,41198,538700,12607,84.51
78,2021,4,Corrientes,42523,71183,10138,6778,5290,135912,67,645,28830,26368,22922,10087,39911,7082,45.51
79,2021,4,Entre Ríos,70459,133387,23452,25022,12726,265046,107,3024,56043,49636,38295,24068,77290,16583,63.16
80,2021,4,Formosa,17211,15111,5151,16018,172,53663,84,0,22908,6983,6811,1135,13775,1967,34.45
81,2021,4,Jujuy,22330,60511,24156,2927,3991,113915,58,175,22446,16793,38134,564,33421,2324,56.92
82,2021,4,La Pampa,8175,58000,20192,19286,1354,107007,301,493,64840,9082,12259,4821,12184,3027,89.57
83,2021,4,La Rioja,10387,56651,9446,6613,31,83128,18,1,5018,5437,23559,5671,43424,0,77.92
84,2021,4,Mendoza,59842,71553,109667,24666,1859,267587,156,1463,66428,30308,75214,18621,75031,366,47.51
85,2021,4,Misiones,41778,92068,22035,7649,7602,171132,51,5,41916,23554,26721,15954,54596,8335,49.06
86,2021,4,Neuquén,29175,72761,23253,21531,746,147466,140,940,42313,13264,10515,3310,69217,7767,73.3
87,2021,4,Río Negro,42037,44495,32212,16558,18451,153753,156,1174,38373,19878,31255,4130,36142,22645,65.69
88,2021,4,Salta,46972,99808,39555,5882,7188,199405,114,20,40673,69324,6642,3535,72622,6475,56.81
89,2021,4,San Juan,35868,13102,11072,11423,8493,79958,44,1442,28906,10955,23978,398,9800,4435,39.59
90,2021,4,San Luis,8472,11064,30,70560,28723,118849,62,264,8550,4276,9107,67363,9,29218,80.3
91,2021,4,Santa Cruz,10790,22902,10031,4346,417,48486,52,297,20305,11641,13054,1770,876,491,43.05
92,2021,4,Santa Fe,233427,444373,128856,43556,16229,866441,467,581,169706,206856,85690,62349,322015,18777,77.09
93,2021,4,Santiago Del Estero,19032,86563,1088,6256,2922,115861,178,909,31915,61524,12205,800,7537,793,47.05
94,2021,4,Tierra Del Fuego,13317,38148,426,124,342,52357,26,385,13505,16534,16562,1748,1017,2580,98.4
95,2021,4,Tucumán,97830,59022,78790,2511,486,238639,39,97,37321,48736,21023,5326,125857,240,55.93
96,2021,3,Buenos Aires,585729,2595485,885613,120228,64554,4251609,37193,31149,1108940,248153,141383,192797,2482266,9728,71.68
97,2021,3,Capital Federal,142902,1192107,42966,6059,29371,1413405,295,603,156978,67013,39785,73502,1075229,0,111.27
98,2021,3,Catamarca,18413,11709,22331,1568,2233,56254,71,0,6755,8428,10517,1659,26618,2206,52.71
99,2021,3,Chaco,38258,63659,27583,8018,2353,139871,301,112,22545,20986,23852,14412,49705,7958,42.96
100,2021,3,Chubut,49269,55794,8946,23376,18681,156066,104,105,89168,26281,18538,5320,1643,14907,80.71
101,2021,3,Córdoba,229275,477223,167495,57617,15178,946788,99,2452,204989,141285,65050,47198,476459,9256,81.28
102,2021,3,Corrientes,44805,69403,7542,6766,5303,133819,67,645,29629,28478,24792,9687,35468,5053,44.9
103,2021,3,Entre Ríos,74443,128752,20485,23500,13195,260375,107,3024,61354,59776,39114,16284,67961,12755,62.18
104,2021,3,Formosa,18093,14111,4730,15690,171,52795,381,0,22778,7142,6978,1192,12707,1617,33.96
105,2021,3,Jujuy,23554,60758,19926,2952,3968,111158,48,175,23884,16417,37755,561,29917,2401,55.69
106,2021,3,La Pampa,9015,57881,17817,14479,1295,100487,298,313,65063,7395,8737,4023,10506,4152,84.28
107,2021,3,La Rioja,11329,54744,9444,6613,30,82160,18,1,5366,5979,23315,4868,42613,0,77.26
108,2021,3,Mendoza,91474,71247,70579,21811,828,255939,36,31,151871,12640,62628,7596,21087,50,45.55
109,2021,3,Misiones,43230,89469,10969,7198,7662,158528,51,5,41932,25099,26079,14792,42291,8279,45.57
110,2021,3,Neuquén,29650,73794,16455,19270,640,139809,112,327,57441,8566,6234,3631,57919,5579,69.71
111,2021,3,Río Negro,47934,44519,18725,15031,18376,144585,125,557,68991,3730,14880,2282,34011,20009,61.97
112,2021,3,Salta,49212,98318,36126,5724,6453,195833,101,20,41431,70104,6962,3878,67010,6327,55.96
113,2021,3,San Juan,40072,12922,6670,11372,8447,79483,18,333,59873,752,13250,338,278,4641,39.46
114,2021,3,San Luis,8417,11884,27,68856,28680,117864,60,0,11552,2405,6491,67942,22,29392,79.87
115,2021,3,Santa Cruz,12347,22961,6328,4269,3071,48976,50,0,30561,8365,6799,1788,678,735,43.75
116,2021,3,Santa Fe,245929,443156,93412,43447,15640,841584,467,579,193207,201250,83941,55080,290793,16267,75.02
117,2021,3,Santiago Del Estero,19939,85535,909,6147,2928,115458,123,909,32752,61838,11274,801,6863,898,47.0
118,2021,3,Tierra Del Fuego,12853,36958,6,16,390,50223,17,0,23723,13397,9782,1433,976,895,94.95
119,2021,3,Tucumán,104489,53868,70964,2408,743,232472,32,97,39446,50293,21986,5300,115154,164,54.64
120,2021,2,Buenos Aires,603255,2503830,854173,113546,57547,4132351,37192,31178,1096049,244001,140322,236897,2337604,9108,70.0
121,2021,2,Capital Federal,148989,1175097,41318,5580,29371,1400355,294,603,157558,73568,43859,86655,1037752,66,110.14
122,2021,2,Catamarca,20305,9426,22331,1449,2233,55744,71,0,7219,9091,6828,4941,25388,2206,52.34
123,2021,2,Chaco,39826,62948,27584,8018,2353,140729,301,112,23444,21574,24032,16069,47239,7958,43.33
124,2021,2,Chubut,49271,41497,6081,23682,18706,139237,104,105,89639,22605,16604,3896,1112,5172,72.29
125,2021,2,Córdoba,239780,467782,151855,55944,15519,930880,99,2452,201757,136516,66950,70824,442357,9925,80.12
126,2021,2,Corrientes,46648,67262,3731,6557,5303,129501,67,645,29419,27037,24524,10059,32697,5053,43.54
127,2021,2,Entre Ríos,77836,124957,17856,23786,13197,257632,107,3024,63518,55349,39468,18484,61605,16077,61.66
128,2021,2,Formosa,19571,12509,3610,15690,171,51551,381,0,22364,7310,7460,1341,11077,1618,33.23
129,2021,2,Jujuy,24738,60800,19611,2731,3968,111848,48,175,24182,16577,37908,607,29950,2401,56.18
130,2021,2,La Pampa,9017,57014,17132,13209,1295,97667,298,554,64146,7769,8128,3399,9311,4062,82.08
131,2021,2,La Rioja,11627,54255,9445,6245,30,81602,18,1,5312,5971,23298,4825,42158,19,76.98
132,2021,2,Mendoza,91503,70834,44696,21811,827,229671,36,31,137462,10886,56117,4403,20686,50,40.97
133,2021,2,Misiones,44960,87861,10376,5317,7662,156176,51,5,41643,25907,25811,16172,38308,8279,45.01
134,2021,2,Neuquén,30083,72690,15619,19218,640,138250,112,327,57713,8631,5871,5943,54008,5645,69.14
135,2021,2,Río Negro,48189,43761,18727,15031,18376,144084,125,557,69356,3663,15019,3867,31488,20009,61.94
136,2021,2,Salta,51396,96016,32050,5724,6453,191639,101,20,42543,67012,7099,9654,58882,6328,54.93
137,2021,2,San Juan,40072,12369,6673,11372,8447,78933,18,333,59989,784,12550,340,278,4641,39.28
138,2021,2,San Luis,8417,11308,28,66860,36205,122818,60,0,11752,2703,5418,65946,22,36917,83.48
139,2021,2,Santa Cruz,12347,22967,6328,4269,3071,48982,50,0,30595,8463,6888,1575,676,735,44.01
140,2021,2,Santa Fe,256741,431915,90424,43997,17523,840600,467,896,202018,204077,80452,75195,262124,15371,75.07
141,2021,2,Santiago Del Estero,20734,83770,909,5081,3596,114090,123,909,32034,62224,10359,811,6064,1566,46.56
142,2021,2,Tierra Del Fuego,12853,22504,6,14,316,35693,17,0,21335,6913,4580,476,889,1483,67.89
143,2021,2,Tucumán,110429,48359,71683,1837,743,233051,32,97,40224,51648,23732,5022,109616,2680,54.93
144,2021,1,Buenos Aires,629679,2452056,821597,98806,57864,4060002,36939,31187,1108368,240520,163747,222061,2246313,10867,69.11
145,2021,1,Capital Federal,159805,1145093,39980,5559,29236,1379673,135,244,159662,76753,56457,83255,1003041,126,108.42
146,2021,1,Catamarca,26316,4409,18688,322,2233,51968,71,0,7423,8455,10115,712,22996,2196,48.9
147,2021,1,Chaco,43214,61251,25426,8004,1875,139770,301,112,24357,22102,27556,14496,42462,8384,43.14
148,2021,1,Chubut,45501,40960,3444,23723,18712,132340,106,109,86986,21401,15392,2844,1112,4390,68.99
149,2021,1,Córdoba,260350,444695,134634,54137,17065,910881,93,2386,211799,135092,74659,71984,402191,12677,78.59
150,2021,1,Corrientes,49160,62876,3337,5949,5303,126625,67,527,31544,26223,26169,9001,27641,5453,42.66
151,2021,1,Entre Ríos,83688,118424,16846,20836,12169,251963,105,2911,67255,56060,42432,15774,54600,12826,60.44
152,2021,1,Formosa,20663,11412,2562,15669,380,50686,56,0,22409,7569,7916,1215,9579,1942,32.73
153,2021,1,Jujuy,32254,54324,17322,2677,3879,110456,49,175,23735,17293,40649,568,25609,2378,55.63
154,2021,1,La Pampa,8946,58711,15779,12369,1300,97105,298,554,68200,7864,7611,2786,7368,2424,81.78
155,2021,1,La Rioja,17363,34984,1,250,30,52628,18,1,36749,5968,4604,215,5074,-1,49.81
156,2021,1,Mendoza,91844,69295,38619,18332,833,218923,28,40,134386,11216,52533,4061,16615,44,39.15
157,2021,1,Misiones,48292,82339,7064,4796,6896,149387,51,524,40949,25503,27101,14050,32953,8256,43.17
158,2021,1,Neuquén,30223,70457,14171,17752,632,133235,116,327,56171,8443,5903,5677,50840,5758,66.84
159,2021,1,Río Negro,48777,42192,17828,13994,18377,141168,125,466,70011,4187,13045,3642,29589,20103,60.88
160,2021,1,Salta,54768,89187,31498,5669,6452,187574,109,20,40785,68149,9164,8139,54889,6319,53.93
161,2021,1,San Juan,40072,11589,6671,11482,8453,78267,25,194,60439,858,11494,340,276,4641,39.06
162,2021,1,San Luis,8417,10678,28,63826,36205,119154,58,0,11889,2926,4429,62913,22,36917,81.24
163,2021,1,Santa Cruz,12347,23089,5975,4264,390,46065,50,0,30655,8334,6987,1337,647,-1945,41.65
164,2021,1,Santa Fe,277012,421480,70976,39140,17519,826127,518,891,201632,204458,91846,65476,236924,24382,73.92
165,2021,1,Santiago Del Estero,26468,75849,570,5158,3596,111641,123,909,33884,58464,8549,700,4868,4144,45.67
166,2021,1,Tierra Del Fuego,12853,27247,6,0,316,40422,17,0,21379,1468,4317,486,919,11836,77.35
167,2021,1,Tucumán,147199,12185,69954,1834,740,231912,29,97,42810,53416,25255,4188,103437,2680,54.82
168,2020,4,Buenos Aires,635651,2441248,804991,93444,57927,4033261,36939,31197,1109865,242243,214171,213588,2176242,9016,68.98
169,2020,4,Capital Federal,163060,1142528,39890,4815,29237,1379530,135,244,160210,78123,60208,80269,1000073,268,108.31
170,2020,4,Catamarca,26870,5115,17856,322,2233,52396,71,0,8843,8740,11436,591,20406,2309,49.41
171,2020,4,Chaco,44332,61200,23687,7997,1875,139091,301,112,24782,22479,26802,15701,40949,7965,43.03
172,2020,4,Chubut,45703,39756,3040,23363,18712,130574,106,109,88157,21824,12046,2818,1112,4402,68.35
173,2020,4,Córdoba,267396,439322,125620,52827,17536,902701,119,2386,214963,135262,82221,70013,384169,13568,78.08
174,2020,4,Corrientes,50102,61495,3146,5626,5290,125659,67,527,31900,26321,25687,9383,26789,4985,42.43
175,2020,4,Entre Ríos,85683,113670,15653,20206,12169,247381,105,2911,65659,53556,40755,16600,53141,14654,59.47
176,2020,4,Formosa,21264,10789,2432,15341,380,50206,56,0,23540,7606,7181,1197,8946,1680,32.49
177,2020,4,Jujuy,32850,52815,15639,1077,3470,105851,49,182,23772,14379,44930,446,19282,2811,53.46
178,2020,4,La Pampa,9009,58945,15432,12194,1315,96895,298,554,70184,8124,6562,2396,6257,2520,81.77
179,2020,4,La Rioja,17513,34984,1,250,30,52778,18,1,36906,6060,4633,181,4979,0,50.11
180,2020,4,Mendoza,91842,68364,36083,18331,833,215453,28,40,146312,11172,40396,3378,11557,2570,38.63
181,2020,4,Misiones,49462,79855,6589,4359,6896,147161,51,524,39988,26078,26445,14810,32264,7001,42.64
182,2020,4,Neuquén,30468,70614,13732,17689,632,133135,116,327,56434,8478,5791,5493,50776,5720,67.0
183,2020,4,Río Negro,48991,42022,17826,13994,18377,141210,125,466,70305,4153,13131,3512,29372,20146,61.09
184,2020,4,Salta,56659,87817,30604,5858,6452,187390,109,514,41443,68829,15188,8291,46697,6319,54.04
185,2020,4,San Juan,40072,7004,6599,10468,8453,72596,25,194,61316,740,5126,332,275,4588,36.32
186,2020,4,San Luis,8417,11767,27,63019,36205,119435,58,0,14020,3490,2688,62239,22,36918,81.68
187,2020,4,Santa Cruz,12347,19657,1041,4659,2970,40674,47,0,27173,4382,6634,1033,647,758,37.0
188,2020,4,Santa Fe,287271,414746,62692,38712,17392,820813,518,891,206372,203793,94246,65145,226246,23602,73.58
189,2020,4,Santiago Del Estero,26812,70522,570,5169,3596,106669,123,909,34518,57590,4666,411,4520,3932,43.75
190,2020,4,Tierra Del Fuego,12853,26439,6,0,316,39614,17,0,21881,6119,3497,488,922,6690,76.27
191,2020,4,Tucumán,149322,11150,68043,1834,740,231089,29,97,44095,54334,32155,4105,93594,2680,54.78
192,2020,3,Buenos Aires,653930,2384557,749087,94162,55541,3937277,37542,31514,1113823,234710,219772,194248,2085815,19853,67.66
193,2020,3,Capital Federal,170375,1129573,39417,3936,29374,1372675,264,312,162222,85083,68753,78028,977766,247,107.68
194,2020,3,Catamarca,26868,3690,16857,261,2228,49904,63,0,8276,8768,11195,562,18886,2154,47.16
195,2020,3,Chaco,45745,58825,20675,6706,2003,133954,308,112,24675,21639,27546,13751,38729,7194,41.54
196,2020,3,Chubut,45761,39386,2897,23216,18767,130027,158,109,87559,22114,12217,2818,1110,3942,68.34
197,2020,3,Córdoba,276360,430771,102217,48368,9756,867472,168,3064,218599,124833,84236,63823,361021,11728,75.22
198,2020,3,Corrientes,50858,58681,2960,5513,5379,123391,72,527,35190,23315,25308,8615,25344,5020,41.75
199,2020,3,Entre Ríos,87892,106950,13954,20379,12320,241495,130,2911,66648,51478,40797,14377,49395,15759,58.19
200,2020,3,Formosa,21790,10003,2000,15023,393,49209,391,151,23163,7432,7125,991,8219,1737,31.91
201,2020,3,Jujuy,32611,57682,11112,952,4371,106728,55,182,32131,10566,45198,293,15238,3065,54.04
202,2020,3,La Pampa,9015,56845,14677,11893,1305,93735,293,810,66695,7820,5577,2189,6322,4029,79.26
203,2020,3,La Rioja,17346,34984,1,250,35,52616,21,1,37105,5955,4660,124,4748,2,50.12
204,2020,3,Mendoza,91908,64672,32817,17523,868,207788,58,40,141404,12123,42433,3448,8237,45,37.35
205,2020,3,Misiones,50195,77989,2572,3445,8985,143186,71,524,39005,24215,25942,13663,30987,8779,41.6
206,2020,3,Neuquén,30222,70446,11043,16787,737,129235,218,327,60463,6561,5975,5449,49439,803,65.24
207,2020,3,Río Negro,49530,40001,10381,13187,18368,131467,114,466,68986,3769,7096,3455,28488,19093,57.05
208,2020,3,Salta,58216,84128,25445,5764,7293,180846,129,514,32780,64736,15990,7928,43773,14996,52.32
209,2020,3,San Juan,40092,9223,5509,14023,8480,77327,48,194,65526,711,6529,41,128,4150,38.79
210,2020,3,San Luis,8401,10077,6,61828,36253,116565,105,0,12199,3351,2666,61319,8,36917,79.96
211,2020,3,Santa Cruz,12845,16098,1027,6938,2373,39281,66,0,26888,4015,6730,629,120,833,35.95
212,2020,3,Santa Fe,295051,405807,45721,37112,19307,802998,568,1241,213353,199381,92095,58797,210562,27001,72.12
213,2020,3,Santiago Del Estero,26419,70720,555,4185,3613,105492,133,909,33287,57418,4658,292,3994,4801,43.38
214,2020,3,Tierra Del Fuego,12854,26491,0,0,310,39655,11,0,22094,5414,3726,481,937,6992,76.81
215,2020,3,Tucumán,149605,11752,59949,1808,762,223876,52,97,45913,54610,33126,3246,84195,2637,53.23
216,2020,2,Buenos Aires,661272,2244277,723072,91736,57189,3777546,37542,31606,1129236,241336,233132,188995,1894466,21233,65.22
217,2020,2,Capital Federal,178896,1106133,39482,3937,29373,1357821,264,312,166474,94585,79858,80160,935481,687,106.41
218,2020,2,Catamarca,26968,3641,14878,261,2228,47976,63,0,8801,8690,10242,426,16578,3176,45.43
219,2020,2,Chaco,46816,56017,17266,6452,1581,128132,308,928,24350,21140,29044,12082,33311,6969,39.83
220,2020,2,Chubut,45761,38279,1324,17678,5614,108656,158,109,69578,22188,10537,1473,614,3999,57.34
221,2020,2,Córdoba,282858,415007,85818,44522,8263,836468,168,4383,219025,125932,89530,63216,325243,8971,72.71
222,2020,2,Corrientes,51248,55536,3144,3927,5011,118866,72,527,34242,22845,25844,7898,22418,5020,40.3
223,2020,2,Entre Ríos,89391,99423,13954,20042,11303,234113,130,3679,66758,50640,42090,12856,43391,14569,56.54
224,2020,2,Formosa,21805,9353,1882,14723,169,47932,391,151,23534,7109,6998,961,7475,1313,31.14
225,2020,2,Jujuy,32705,38938,5057,952,16664,94316,55,182,30548,10519,26829,209,9417,16557,47.89
226,2020,2,La Pampa,8551,54422,14232,11314,1290,89809,293,810,71218,7531,3800,1657,3377,1123,76.1
227,2020,2,La Rioja,16885,34984,1,250,35,52155,21,1,37375,5661,4686,73,4336,2,49.84
228,2020,2,Mendoza,91904,62941,29613,15924,802,201184,58,40,142253,12439,35274,3248,5422,2450,36.25
229,2020,2,Misiones,50792,74497,2579,3319,9153,140340,71,524,39867,23719,26445,12305,28763,8646,40.89
230,2020,2,Neuquén,30256,67990,11037,15755,1134,126172,218,327,61171,6103,6625,5296,46432,0,63.9
231,2020,2,Río Negro,49756,39650,10382,11331,18367,129486,114,466,70817,3335,7498,3246,26953,17057,56.37
232,2020,2,Salta,59502,81740,24289,5123,7108,177762,129,514,41801,64463,16989,7741,39594,6531,51.58
233,2020,2,San Juan,40092,8275,5509,7019,8882,69777,48,194,59113,917,4908,40,127,4430,35.09
234,2020,2,San Luis,8401,8357,6,60935,36253,113952,105,0,11439,3585,1934,60889,8,35992,78.41
235,2020,2,Santa Cruz,12845,16044,1027,6585,2368,38869,66,0,26938,4166,6541,546,119,493,35.79
236,2020,2,Santa Fe,299974,381679,46698,30487,19094,777932,568,2061,213054,198772,96575,57236,189473,20193,70.0
237,2020,2,Santiago Del Estero,25917,72074,355,3038,4063,105447,133,1779,32557,57709,5178,247,3328,4516,43.47
238,2020,2,Tierra Del Fuego,12854,26025,0,0,310,39189,11,0,22325,5186,3034,391,796,7446,76.37
239,2020,2,Tucumán,150084,9833,55120,1357,762,217156,52,97,49028,54537,34184,2246,74377,2635,51.78
240,2019,4,Buenos Aires,720011,2191672,669194,87111,18266,3686254,33489,27537,1177446,262297,247106,452570,1465133,20676,64.25
241,2019,4,Capital Federal,196938,1093143,35534,3914,28576,1358105,307,15,177098,110218,110852,205810,753805,0,106.25
242,2019,4,Catamarca,22999,3318,9506,261,2227,38311,63,0,9945,7619,9305,804,7477,3098,36.44
243,2019,4,Chaco,48661,53602,8831,5229,1580,117903,83,0,25899,18959,30902,13516,21556,6988,36.84
244,2019,4,Chubut,47045,26977,1324,15267,5489,96102,158,4,69405,12945,7615,1240,614,4121,51.15
245,2019,4,Córdoba,296872,410038,53335,37750,8693,806688,142,0,232781,118232,109330,114111,221742,10350,70.48
246,2019,4,Corrientes,52525,51845,2002,2458,5004,113834,72,0,35055,20620,27367,9981,15744,4995,38.77
247,2019,4,Entre Ríos,92981,99206,12875,18561,15407,239030,47,0,88203,44511,42962,18976,30153,14178,57.99
248,2019,4,Formosa,21567,8684,1760,14531,169,46711,1127,191,24606,6319,6788,1766,5671,243,30.47
249,2019,4,Jujuy,32949,37604,873,814,16641,88881,55,0,32920,9632,26764,102,5286,14122,45.38
250,2019,4,La Pampa,15457,56854,4942,11341,1805,90399,293,313,76747,6900,1951,1287,1342,1566,76.92
251,2019,4,La Rioja,13738,34984,0,251,29,49002,21,0,37846,5045,4763,22,1305,0,47.14
252,2019,4,Mendoza,96678,49711,24989,13672,730,185780,746,9,145139,12955,15237,2165,2628,6901,33.65
253,2019,4,Misiones,53116,69676,847,441,11733,135813,71,0,39664,20840,27305,15626,20799,11508,39.79
254,2019,4,Neuquén,29826,60970,10549,14246,854,116445,218,1,57370,4439,7357,12059,35001,0,59.36
255,2019,4,Río Negro,49747,37933,9658,11437,18365,127140,114,0,71847,2797,8558,6968,19837,17019,55.71
256,2019,4,Salta,63272,76062,21865,3040,8206,172445,149,1,42159,67656,15369,14170,25821,7120,50.35
257,2019,4,San Juan,41360,6338,4931,7241,5104,64974,48,1,60626,1594,1292,40,127,1246,32.85
258,2019,4,San Luis,8569,8027,6,55266,36333,108201,105,0,11901,4164,525,55216,3,36287,74.92
259,2019,4,Santa Cruz,13264,15899,1036,6800,2371,39370,67,0,32368,4346,2224,7,8,350,36.71
260,2019,4,Santa Fe,312072,382254,27464,26978,20401,769169,698,0,230234,190664,113527,70998,135576,27472,69.48
261,2019,4,Santiago Del Estero,24682,71239,200,2810,4657,103588,133,908,34911,56309,3756,105,2449,5017,42.92
262,2019,4,Tierra Del Fuego,13261,26821,0,0,310,40392,11,0,23593,5050,1848,139,1962,7789,79.7
263,2019,4,Tucumán,146985,11012,39574,725,348,198644,55,0,54544,52017,28916,6405,56707,0,47.65
264,2018,4,Buenos Aires,1305576,1949637,296102,65477,19814,3636606,134673,73761,1422463,194426,577679,949093,265386,19125,64.6
265,2018,4,Capital Federal,328253,1019490,33042,3978,4257,1389020,74,7388,283281,143309,330496,437662,186810,0,108.27
266,2018,4,Catamarca,26912,4443,16,0,2212,33583,34,1669,17955,6425,5461,29,7,2003,32.23
267,2018,4,Chaco,53409,43555,1940,3236,1130,103270,69,3405,36437,25633,18965,12393,6368,0,32.59
268,2018,4,Chubut,37215,23065,952,14443,3047,78722,66,3917,66061,6215,531,623,165,1144,42.61
269,2018,4,Córdoba,328854,355716,17675,21851,13243,737339,81,24102,228475,97277,201639,128053,48809,8903,65.09
270,2018,4,Corrientes,55842,42418,796,1515,30,100601,10,6438,37376,26562,15498,9688,5029,0,34.57
271,2018,4,Entre Ríos,101168,86198,4853,15472,14356,222047,18,8769,94780,50027,29002,18146,7612,13693,54.37
272,2018,4,Formosa,22619,7880,887,13761,57,45204,1110,3074,22962,5285,9027,2092,1654,0,29.74
273,2018,4,Jujuy,33248,12484,153,640,43608,90133,27,2803,30727,7811,4021,30,1141,43573,46.53
274,2018,4,La Pampa,18832,55337,2685,7772,1010,85636,241,7727,70508,3661,978,1328,270,923,73.49
275,2018,4,La Rioja,16367,34984,12,252,36,51651,9,1164,40285,4088,5216,17,869,3,50.35
276,2018,4,Mendoza,148524,40205,5665,10363,1547,206304,20,1463,197450,2494,4726,19,132,0,37.76
277,2018,4,Misiones,55500,53673,465,426,6209,116273,47,5981,43267,26019,19226,16566,5167,0,34.45
278,2018,4,Neuquén,40747,55634,3115,12425,2444,114365,1328,3044,52313,1781,21452,17135,11025,6287,59.07
279,2018,4,Río Negro,68377,34292,1299,8037,4832,116837,384,1225,83412,643,13440,9569,5070,3094,51.86
280,2018,4,Salta,74295,57539,638,253,1853,134578,49,3659,58492,36365,22910,10861,2242,0,39.8
281,2018,4,San Juan,51660,5838,806,2883,1211,62398,22,1465,59811,180,312,1,1,606,31.9
282,2018,4,San Luis,11108,7784,378,53097,23964,96331,57,109,19164,53183,119,62,2,23635,67.55
283,2018,4,Santa Cruz,10659,4615,382,6378,2734,24768,25,115,23107,779,206,1,4,531,23.69
284,2018,4,Santa Fe,335519,322782,14387,18705,28997,720390,335,31397,276301,121009,152039,74432,36427,28450,65.59
285,2018,4,Santiago Del Estero,25339,61243,23,2649,81,89335,39,3250,61347,20127,3686,77,483,326,37.4
286,2018,4,Tierra Del Fuego,19789,23349,1623,0,1499,46260,6,27,29919,6323,9894,24,67,0,93.59
287,2018,4,Tucumán,159215,11670,119,686,314,172004,16,5244,82089,42766,26111,847,14839,92,41.76
288,2017,4,Catamarca,27083,263,11,1,2200,29558,34,3182,15315,5904,2927,43,2,2151,28.62
289,2017,4,Corrientes,56786,34722,894,1334,35,93771,11,5220,41080,23686,16046,5053,2675,0,32.52
290,2017,4,Misiones,56271,47470,95,5,54,103895,1053,3900,41723,23131,22262,9091,2735,0,31.14
291,2017,1,Jujuy,33869,9278,22,0,34,43203,330,6213,27824,6486,2306,44,0,0,22.76
292,2016,1,La Rioja,16645,0,16,2,28,16691,10,3382,9060,2980,1254,2,3,0,16.83
293,2015,4,Chaco,56818,29456,186,52,41,86553,194,9593,46771,18608,10092,1136,159,0,28.35
294,2015,4,La Rioja,16886,0,16,2,28,16932,10,3638,9127,2937,1215,2,3,0,17.32
295,2015,3,Corrientes,55792,27604,176,1340,47,84959,33,11921,48127,18168,6111,453,146,0,30.17
296,2015,3,Jujuy,32598,6895,22,0,35,39550,2549,9278,21588,5169,966,0,0,0,21.27
297,2015,3,La Rioja,16725,0,16,2,28,16771,10,3840,9102,2984,832,0,3,0,17.15
298,2015,2,La Rioja,16463,0,16,2,28,16509,10,4082,9093,2680,641,0,3,0,16.88
299,2015,2,San Juan,48670,451,770,1189,908,51988,8,410,51568,0,0,0,2,0,27.64
300,2015,1,Formosa,21022,4951,1,670,56,26700,1891,7336,14413,2024,878,157,1,0,18.12
301,2014,4,Catamarca,25192,241,16,0,44,25493,21,8047,14093,2910,421,0,1,0,25.51
302,2014,4,Corrientes,54754,9526,40,1315,75,65710,40,13860,42182,7513,2106,0,9,0,23.56
303,2014,4,La Rioja,16352,0,17,0,33,16402,9,4333,9728,1943,386,0,3,0,17.01
304,2014,4,Misiones,58435,18613,16,150,15,77229,547,11840,53093,8731,2952,54,12,0,24.16
305,2014,4,San Juan,48653,451,740,1202,1073,52119,11,478,51628,0,0,0,2,0,28.04
306,2014,4,San Luis,11419,926,355,24,423,13147,9,0,13135,0,0,1,2,0,9.79
307,2014,2,Catamarca,24380,243,17,0,43,24683,19,8844,13794,1915,111,0,0,0,24.7
308,2014,2,Formosa,20894,4628,0,0,78,25600,2032,8218,13944,1321,85,0,0,0,17.54
309,2014,2,La Rioja,15864,0,14,0,34,15912,10,4785,9719,1337,61,0,0,0,16.5
310,2014,2,Mendoza,148979,13030,2480,36,2282,166807,35,6,166710,31,10,5,10,0,32.1
311,2014,2,Misiones,56933,17594,4,150,8,74689,540,13644,53245,5924,1334,2,0,0,23.37
312,2014,2,San Juan,48161,451,722,1139,1173,51646,10,507,51129,0,0,0,0,0,27.78
313,2014,2,San Luis,11306,925,354,22,448,13055,7,0,13045,0,0,1,2,0,9.72
314,2014,1,Catamarca,24126,46,17,0,43,24232,19,9147,13330,1672,64,0,0,0,24.25
315,2014,1,Formosa,20774,4548,0,0,100,25422,2062,8475,13685,1133,67,0,0,0,17.42
316,2014,1,La Rioja,15663,0,14,0,34,15711,10,5111,9390,1165,35,0,0,0,16.29
317,2014,1,San Luis,11306,428,354,21,448,12557,7,3,12544,0,1,0,2,0,9.35
318,2014,1,Tucumán,129717,83,121,13,98,130032,6,34672,83210,11779,362,3,0,0,33.42
